{
  "count": 5,
  "data":[
    [
      5506,
      44.4,
      56.8,
      44.4,
      1,
      44.4,
      42.1,
      41,
      41.2,
      47.9,
      43.2,
      16.9,
      100,
      30.2,
      56,
      6475.3,
      1968.2,
      317.7,
      29.4,
      10,
      1.2,
      64,
      67,
      1016.6,
      10,
      0,
      "21ECS",
      51.490536,
      -0.1929636,
      0,
      0,
      0,
      null,
      null,
      0.05,
      3
    ],
    [
      5816,
      47.4,
      61.7,
      47.4,
      0,
      47.4,
      45.6,
      43.5,
      44.4,
      55.7,
      51.8,
      19,
      100,
      31.7,
      60.4,
      7168.3,
      2055.5,
      341.1,
      28.9,
      9.4,
      2.5,
      58,
      67,
      1018.49,
      8,
      0,
      "London Borough of Newham, Upton Park",
      51.534668,
      0.027725,
      0,
      0,
      0,
      null,
      null,
      0.03,
      3
    ],
    [
      26389,
      58.1,
      88.1,
      58.1,
      0,
      58.1,
      64,
      60.1,
      55.9,
      54.8,
      46.9,
      17.3,
      100,
      37,
      71.9,
      10014.5,
      2935.7,
      535.6,
      51.6,
      12.5,
      2.8,
      66,
      64,
      1015.79,
      26,
      0,
      "Windsor",
      51.475163,
      -0.6178762,
      0,
      0,
      0,
      null,
      null,
      0,
      3
    ],
    [
      36149,
      43.8,
      55.8,
      43.8,
      0,
      43.8,
      44.5,
      43.3,
      43.7,
      55.2,
      51.6,
      21.6,
      100,
      27.5,
      55,
      5982,
      1724.4,
      353.2,
      38.9,
      7.6,
      4.5,
      61,
      66,
      1015.58,
      5,
      0,
      "Ferrymans Quay",
      51.469883,
      -0.1832282,
      0,
      0,
      0,
      null,
      null,
      0.02,
      3
    ],
    [
      45851,
      41.2,
      50.2,
      41.2,
      0,
      41.2,
      41.8,
      41.5,
      41.5,
      47.4,
      42.3,
      16.6,
      100,
      25.5,
      50.9,
      5530.3,
      1534.3,
      335.9,
      38.4,
      6.2,
      2.9,
      66,
      65,
      1015.01,
      30,
      0,
      "Acton",
      51.51525,
      -0.27429333,
      0,
      0,
      0,
      null,
      null,
      0.03,
      3
    ]
  ],
  "fields": [
    "ID",
    "pm",
    "pm_cf_1",
    "pm_atm",
    "age",
    "pm_0",
    "pm_1",
    "pm_2",
    "pm_3",
    "pm_4",
    "pm_5",
    "pm_6",
    "conf",
    "pm1",
    "pm_10",
    "p1",
    "p2",
    "p3",
    "p4",
    "p5",
    "p6",
    "Humidity",
    "Temperature",
    "Pressure",
    "Elevation",
    "Type",
    "Label",
    "Lat",
    "Lon",
    "Icon",
    "isOwner",
    "Flags",
    "Voc",
    "Ozone1",
    "Adc",
    "CH"
  ],
  "version": "7.0.23"
}